Task_ID,Timestamp,Task_Type,Task_Weight,Priority,Description,Voltage_V,Temperature_C,CPU_Percent,Risk_Score_R,State,Budget_B,Decision,Reason
task_001,2026-02-22 22:34:10.990,Light,0.212,HIGH,sensor_read,4.963,50.2,27.2,0.0331,SAFE,9,LOCAL,SAFE: all tasks permitted (weight=0.21)
task_002,2026-02-22 22:34:13.966,Heavy,0.796,LOW,image_proc,4.954,50.7,28.5,0.2811,SAFE,8,LOCAL,SAFE: all tasks permitted (weight=0.80)
task_003,2026-02-22 22:34:16.993,Light,0.243,CRITICAL,safety_alert,4.953,51.8,33.5,0.2957,SAFE,7,LOCAL,SAFE: all tasks permitted (weight=0.24)
task_004,2026-02-22 22:34:19.431,Light,0.16,HIGH,status_check,4.965,53.6,35.2,0.2966,SAFE,6,LOCAL,SAFE: all tasks permitted (weight=0.16)
task_005,2026-02-22 22:34:22.148,Heavy,0.597,LOW,ml_inference,4.96,55.2,39.8,0.3026,WARNING,6,OFFLOAD,WARNING: heavy task offloaded (weight=0.60 >= 0.3)
task_006,2026-02-22 22:34:25.214,Heavy,0.583,CRITICAL,safety_alert,4.964,55.9,43.7,0.299,WARNING,6,OFFLOAD,WARNING: heavy task offloaded (weight=0.58 >= 0.3)
task_007,2026-02-22 22:34:28.318,Light,0.08,NORMAL,sensor_read,4.944,57.4,46.1,0.3151,WARNING,5,LOCAL,WARNING: lightweight task permitted (weight=0.08 < 0.3)
task_008,2026-02-22 22:34:31.736,Heavy,0.463,NORMAL,ml_inference,4.949,57.8,50.0,0.3127,WARNING,5,OFFLOAD,WARNING: heavy task offloaded (weight=0.46 >= 0.3)
task_009,2026-02-22 22:34:34.600,Heavy,0.305,CRITICAL,heartbeat,4.925,59.9,53.6,0.3273,WARNING,5,OFFLOAD,WARNING: heavy task offloaded (weight=0.30 >= 0.3)
task_010,2026-02-22 22:34:37.935,Light,0.073,HIGH,status_check,4.925,61.3,58.2,0.3386,WARNING,4,LOCAL,WARNING: lightweight task permitted (weight=0.07 < 0.3)
task_011,2026-02-22 22:34:40.211,Heavy,0.767,NORMAL,image_proc,4.859,61.9,59.2,0.4066,WARNING,5,OFFLOAD,WARNING: heavy task offloaded (weight=0.77 >= 0.3)
task_012,2026-02-22 22:34:43.145,Heavy,0.409,CRITICAL,heartbeat,4.823,63.2,64.9,0.427,WARNING,5,OFFLOAD,WARNING: heavy task offloaded (weight=0.41 >= 0.3)
task_013,2026-02-22 22:34:46.223,Light,0.1,HIGH,status_check,4.838,63.6,64.0,0.4143,WARNING,4,LOCAL,WARNING: lightweight task permitted (weight=0.10 < 0.3)
task_014,2026-02-22 22:34:49.939,Heavy,0.485,LOW,ml_inference,4.821,64.2,65.8,0.4332,WARNING,4,OFFLOAD,WARNING: heavy task offloaded (weight=0.48 >= 0.3)
task_015,2026-02-22 22:34:52.480,Heavy,0.47,CRITICAL,safety_alert,4.822,65.5,68.4,0.4396,WARNING,4,OFFLOAD,WARNING: heavy task offloaded (weight=0.47 >= 0.3)
task_016,2026-02-22 22:34:55.793,Light,0.229,NORMAL,sensor_read,4.804,65.6,71.5,0.2404,SAFE,3,LOCAL,SAFE: all tasks permitted (weight=0.23)
task_017,2026-02-22 22:34:58.843,Heavy,0.515,LOW,image_proc,4.805,66.8,70.6,0.4625,WARNING,3,OFFLOAD,WARNING: heavy task offloaded (weight=0.52 >= 0.3)
task_018,2026-02-22 22:35:01.667,Light,0.163,CRITICAL,heartbeat,4.8,68.0,75.6,0.4748,WARNING,2,LOCAL,WARNING: lightweight task permitted (weight=0.16 < 0.3)
task_019,2026-02-22 22:35:04.915,Light,0.107,HIGH,sensor_read,4.782,68.9,76.2,0.4974,WARNING,1,LOCAL,WARNING: lightweight task permitted (weight=0.11 < 0.3)
task_020,2026-02-22 22:35:07.665,Heavy,0.54,LOW,image_proc,4.779,68.8,81.7,0.2467,SAFE,0,LOCAL,SAFE: all tasks permitted (weight=0.54)
task_021,2026-02-22 22:35:10.899,Light,0.203,CRITICAL,heartbeat,4.772,69.6,79.9,0.5271,WARNING,3,LOCAL,WARNING: lightweight task permitted (weight=0.20 < 0.3)
task_022,2026-02-22 22:35:13.122,Light,0.212,NORMAL,status_check,4.749,70.8,83.7,0.5422,WARNING,2,LOCAL,WARNING: lightweight task permitted (weight=0.21 < 0.3)
task_023,2026-02-22 22:35:16.154,Heavy,0.407,LOW,image_proc,4.721,72.0,82.0,0.5665,WARNING,2,OFFLOAD,WARNING: heavy task offloaded (weight=0.41 >= 0.3)
task_024,2026-02-22 22:35:19.507,Heavy,0.36,CRITICAL,safety_alert,4.717,73.5,83.4,0.5768,WARNING,2,OFFLOAD,WARNING: heavy task offloaded (weight=0.36 >= 0.3)
task_025,2026-02-22 22:35:22.187,Light,0.196,NORMAL,sensor_read,4.684,74.9,86.0,0.6075,WARNING,1,LOCAL,WARNING: lightweight task permitted (weight=0.20 < 0.3)
task_026,2026-02-22 22:35:25.324,Heavy,0.67,NORMAL,ml_inference,4.677,74.7,88.2,0.3497,WARNING,1,OFFLOAD,WARNING: heavy task offloaded (weight=0.67 >= 0.3)
task_027,2026-02-22 22:35:28.736,Heavy,0.576,CRITICAL,heartbeat,4.679,76.0,90.3,0.6081,WARNING,1,OFFLOAD,WARNING: heavy task offloaded (weight=0.58 >= 0.3)
task_028,2026-02-22 22:35:31.446,Light,0.085,NORMAL,status_check,4.683,76.3,90.4,0.6227,WARNING,0,LOCAL,WARNING: lightweight task permitted (weight=0.09 < 0.3)
task_029,2026-02-22 22:35:34.820,Heavy,0.632,LOW,image_proc,4.653,78.0,93.6,0.6532,CRITICAL,0,OFFLOAD,CRITICAL: non-critical task offloaded (priority=LOW)
task_030,2026-02-22 22:35:37.119,Heavy,0.444,CRITICAL,heartbeat,4.651,78.6,91.1,0.6576,CRITICAL,0,OFFLOAD,"Budget exhausted (B=0), offloading. Original: CRITICAL: mission-critical task permitted locally (priority=CRITICAL)"
