Sample,Timestamp,Voltage_V,Current_A,Temperature_C,CPU_Percent,Queue_Depth,dT_dt_CperMin,dV_dt_VperSec,Sigma_V,x1_ThermalProx,x2_ThermalVel,x3_VoltageSag,x4_VoltDropRate,x5_VoltInstab,x6_LoadPress,Risk_Score_R,State,Bus_Source
1,2026-02-22 22:34:10.214,4.938,1.42,63.2,36.4,2,,,,0.1600,0.0000,0.0375,0.0000,0.0000,0.2848,0.0738,SAFE,I2C+GPIO
2,2026-02-22 22:34:20.487,4.928,1.53,64.0,42.8,3,4.80,-0.0010,,0.2000,0.9500,0.0688,0.0020,0.0000,0.3446,0.2900,SAFE,I2C+GPIO
3,2026-02-22 22:34:30.715,4.914,1.67,65.1,50.3,4,6.60,-0.0014,0.0098,0.2550,1.0000,0.1125,0.0028,0.0327,0.4121,0.3451,WARNING,I2C+GPIO
4,2026-02-22 22:34:40.328,4.897,1.83,66.5,58.7,5,8.40,-0.0017,0.0143,0.3250,1.0000,0.1656,0.0034,0.0477,0.4859,0.3917,WARNING,I2C+GPIO
5,2026-02-22 22:34:50.593,4.878,2.01,68.0,66.2,6,9.00,-0.0019,0.0196,0.4000,1.0000,0.2250,0.0038,0.0653,0.5634,0.4290,WARNING,I2C+GPIO
6,2026-02-22 22:35:00.841,4.857,2.19,69.6,73.4,7,9.60,-0.0021,0.0257,0.4800,1.0000,0.2906,0.0042,0.0857,0.6438,0.4649,WARNING,I2C+GPIO
7,2026-02-22 22:35:10.127,4.838,2.35,71.1,79.8,8,9.00,-0.0019,0.0298,0.5550,1.0000,0.3500,0.0038,0.0993,0.7086,0.4931,WARNING,I2C+GPIO
8,2026-02-22 22:35:20.462,4.823,2.48,72.4,84.7,9,7.80,-0.0015,0.0298,0.6200,1.0000,0.3969,0.0030,0.0993,0.7529,0.5114,WARNING,I2C+GPIO
9,2026-02-22 22:35:30.718,4.832,2.39,72.8,81.2,8,1.80,0.0009,0.0102,0.6400,0.2000,0.3688,0.0000,0.0340,0.6884,0.3415,WARNING,I2C+GPIO
10,2026-02-22 22:35:40.391,4.843,2.28,72.5,78.1,8,1.20,0.0011,0.0087,0.6250,0.0500,0.3344,0.0000,0.0290,0.6717,0.2873,WARNING,I2C+GPIO
11,2026-02-22 22:35:50.864,4.855,2.16,72.1,74.5,7,0.60,0.0012,0.0097,0.6050,0.0000,0.2969,0.0000,0.0323,0.6265,0.2505,WARNING,I2C+GPIO
12,2026-02-22 22:36:00.537,4.870,2.02,71.4,70.3,6,-4.20,0.0017,0.0118,0.5700,0.0000,0.2500,0.0000,0.0393,0.5921,0.2316,SAFE,I2C+GPIO
13,2026-02-22 22:36:10.189,4.888,1.86,70.4,65.1,5,-6.00,0.0020,0.0124,0.5200,0.0000,0.1938,0.0000,0.0413,0.5457,0.2078,SAFE,I2C+GPIO
14,2026-02-22 22:36:20.413,4.908,1.69,69.2,58.6,4,-7.20,0.0022,0.0129,0.4600,0.0000,0.1313,0.0000,0.0430,0.4902,0.1808,SAFE,I2C+GPIO
15,2026-02-22 22:36:30.692,4.928,1.53,67.8,51.4,3,-8.40,0.0024,0.0120,0.3900,0.0000,0.0688,0.0000,0.0400,0.4298,0.1538,SAFE,I2C+GPIO
