timestamp,elapsed_sec,temperature,voltage,current,cpu_percent,queue_depth,dT_dt,dV_dt,sigma_V,x1_thermal_prox,x2_thermal_vel,x3_voltage_sag,x4_voltage_drop,x5_voltage_instab,x6_load_pressure,risk_score,device_state,is_cold_start,budget_remaining,tasks_this_window,task_id,task_weight,task_priority,decision,reason,event
1771434524.337,0.0,35.00,4.9004,0.670,5.0,0,,,,0.0000,0.0000,0.0000,0.0000,0.0000,0.0350,0.0070,SAFE,True,10,0,,,,,,
1771434524.337,0.0,,,,,,,,,,,,,,,0.0070,SAFE,,10,,t0_0,0.71,NORMAL,LOCAL,SAFE: all tasks permitted (weight=0.71),
1771434524.337,0.0,35.25,4.8756,0.836,16.8,1,,,0.01241,0.0000,0.0000,0.0000,0.0000,0.1241,0.1328,0.0390,SAFE,True,10,0,,,,,,
1771434524.338,0.0,,,,,,,,,,,,,,,0.0390,SAFE,,10,,t1_0,0.27,HIGH,LOCAL,SAFE: all tasks permitted (weight=0.27),
1771434524.338,0.0,35.42,4.8311,0.884,20.3,1,,,0.02867,0.0000,0.0000,0.0857,0.0000,0.2867,0.1570,0.0712,SAFE,True,10,0,,,,,,
1771434524.338,0.0,35.66,4.8419,0.867,19.1,1,,,0.02747,0.0000,0.0000,0.0367,0.0000,0.2747,0.1484,0.0619,SAFE,True,10,0,,,,,,
1771434524.338,0.0,35.77,4.8464,0.851,17.9,1,,,0.02538,0.0000,0.0000,0.0164,0.0000,0.2538,0.1405,0.0556,SAFE,True,10,0,,,,,,
1771434524.338,0.0,35.47,4.8459,0.837,16.9,1,,,0.02368,0.0000,0.0000,0.0187,0.0000,0.2368,0.1333,0.0528,SAFE,True,10,0,,,,,,
1771434524.338,0.0,35.77,4.8512,0.823,15.9,1,,,0.02202,0.0000,0.0000,0.0000,0.0000,0.2202,0.1266,0.0473,SAFE,True,10,0,,,,,,
1771434524.338,0.0,35.75,4.8434,0.811,15.1,1,,,0.02102,0.0000,0.0000,0.0302,0.0000,0.2102,0.1205,0.0490,SAFE,True,10,0,,,,,,
1771434524.338,0.0,36.16,4.8561,0.800,14.3,1,42996.315,-27.24747,0.01983,0.0000,1.0000,0.0000,1.0000,0.1983,0.1149,0.4928,SAFE,True,10,0,,,,,,
1771434524.338,0.0,36.43,4.8796,0.789,13.5,1,43450.605,2.47404,0.02024,0.0000,1.0000,0.0000,0.0000,0.2024,0.1097,0.2922,SAFE,True,10,0,,,,,,
1771434524.338,0.0,36.17,4.8439,0.780,12.8,0,,,0.01968,0.0000,0.0000,0.0278,0.0000,0.1968,0.0899,0.0413,SAFE,True,10,0,,,,,,
1771434524.338,0.0,36.33,4.8658,0.771,12.2,0,,,0.01904,0.0000,0.0000,0.0000,0.0000,0.1904,0.0855,0.0361,SAFE,True,10,0,,,,,,
1771434524.340,0.0,36.27,4.8533,0.763,11.6,0,18090.166,4.19686,0.01375,0.0000,1.0000,0.0000,0.0000,0.1375,0.0815,0.2800,SAFE,True,10,0,,,,,,
1771434524.340,0.0,,,,,,,,,,,,,,,0.2800,SAFE,,10,,t12_0,0.39,NORMAL,LOCAL,SAFE: all tasks permitted (weight=0.39),
1771434524.340,0.0,35.73,4.8348,0.846,17.5,1,9443.860,-6.69866,0.01271,0.0000,1.0000,0.0690,1.0000,0.1271,0.1378,0.4992,SAFE,True,10,0,,,,,,
1771434524.340,0.0,36.24,4.8631,0.832,16.5,1,17055.089,7.17090,0.01191,0.0000,1.0000,0.0000,0.0000,0.1191,0.1308,0.2881,SAFE,True,10,0,,,,,,window_reset|B=10
1771434524.340,0.0,36.28,4.8617,0.819,15.6,1,19173.893,11.09197,0.01175,0.0000,1.0000,0.0000,0.0000,0.1175,0.1243,0.2866,SAFE,True,10,0,,,,,,
1771434524.340,0.0,36.12,4.8471,0.807,14.8,1,-1706.923,-5.48369,0.01172,0.0000,0.0000,0.0132,1.0000,0.1172,0.1184,0.2371,SAFE,True,10,0,,,,,,
1771434524.340,0.0,36.40,4.8725,0.796,14.0,1,-1288.755,-4.33460,0.01250,0.0000,0.0000,0.0000,1.0000,0.1250,0.1129,0.2351,SAFE,True,10,0,,,,,,
1771434524.340,0.0,36.12,4.8480,0.786,13.3,1,-1931.670,2.51827,0.01263,0.0000,0.0000,0.0089,0.0000,0.1263,0.1079,0.0354,SAFE,True,10,0,,,,,,
1771434524.340,0.0,36.36,4.8580,0.776,12.6,0,1186.527,-4.77299,0.01206,0.0000,1.0000,0.0000,1.0000,0.1206,0.0882,0.4797,SAFE,True,10,0,,,,,,
1771434524.340,0.0,36.82,4.8680,0.768,12.0,0,,,0.01243,0.0000,0.0000,0.0000,0.0000,0.1243,0.0840,0.0292,SAFE,True,10,0,,,,,,
1771434524.340,0.0,36.17,4.8464,0.760,11.4,0,,,0.01091,0.0000,0.0000,0.0166,0.0000,0.1091,0.0801,0.0291,SAFE,True,10,0,,,,,,
1771434524.340,0.0,,,,,,,,,,,,,,,0.0291,SAFE,,10,,t21_0,0.65,NORMAL,LOCAL,SAFE: all tasks permitted (weight=0.65),
1771434524.340,0.0,,,,,,,,,,,,,,,0.0291,SAFE,,10,,t21_1,0.40,LOW,LOCAL,SAFE: all tasks permitted (weight=0.40),
1771434524.340,0.0,36.55,4.8070,0.995,28.2,2,,,0.01711,0.0000,0.0000,0.1954,0.0000,0.1711,0.2275,0.0880,SAFE,True,10,0,,,,,,
1771434524.340,0.0,36.64,4.8216,0.969,26.4,2,,,0.01847,0.0000,0.0000,0.1292,0.0000,0.1847,0.2145,0.0782,SAFE,True,10,0,,,,,,
1771434524.340,0.0,36.95,4.8059,0.945,24.6,2,,,0.02179,0.0000,0.0000,0.2006,0.0000,0.2179,0.2025,0.0884,SAFE,True,10,0,,,,,,
1771434524.340,0.0,36.31,4.8461,0.923,23.1,2,,,0.02159,0.0000,0.0000,0.0179,0.0000,0.2159,0.1915,0.0622,SAFE,True,10,0,,,,,,
1771434524.340,0.0,,,,,,,,,,,,,,,0.0622,SAFE,,10,,t25_0,0.64,CRITICAL,LOCAL,SAFE: all tasks permitted (weight=0.64),
1771434524.340,0.0,36.97,4.8004,1.051,32.2,3,,,0.02412,0.0000,0.0000,0.2254,0.0000,0.2412,0.2704,0.1075,SAFE,True,10,0,,,,,,
1771434524.340,0.0,37.08,4.8189,1.020,30.0,3,,,0.02385,0.0000,0.0000,0.1412,0.0000,0.2385,0.2551,0.0932,SAFE,True,10,0,,,,,,
1771434524.340,0.0,37.03,4.8103,0.992,28.0,2,,,0.02466,0.0000,0.0000,0.1806,0.0000,0.2466,0.2261,0.0934,SAFE,True,10,0,,,,,,
1771434524.340,0.0,37.15,4.8096,0.966,26.2,2,,,0.02242,0.0000,0.0000,0.1837,0.0000,0.2242,0.2132,0.0889,SAFE,True,10,0,,,,,,window_reset|B=10
1771434524.340,0.0,37.67,4.8327,0.943,24.5,2,,,0.02168,0.0000,0.0000,0.0786,0.0000,0.2168,0.2014,0.0722,SAFE,True,10,0,,,,,,
1771434524.340,0.0,37.29,4.8268,0.921,22.9,2,,,0.01959,0.0000,0.0000,0.1054,0.0000,0.1959,0.1905,0.0714,SAFE,True,10,0,,,,,,
1771434524.341,0.0,37.78,4.8292,0.901,21.5,2,65438.568,30.45425,0.01474,0.0000,1.0000,0.0946,0.0000,0.1474,0.1804,0.3131,SAFE,True,10,0,,,,,,
1771434524.341,0.0,37.46,4.8332,0.882,20.2,1,89902.240,-16.74671,0.01325,0.0000,1.0000,0.0762,1.0000,0.1325,0.1562,0.5044,SAFE,True,10,0,,,,,,
1771434524.341,0.0,37.28,4.8219,0.865,19.0,1,24714.110,28.08938,0.01264,0.0000,1.0000,0.1277,0.0000,0.1264,0.1477,0.3088,SAFE,True,10,0,,,,,,
1771434524.341,0.0,37.34,4.8386,0.850,17.8,1,20708.682,25.70772,0.01351,0.0000,1.0000,0.0517,0.0000,0.1351,0.1399,0.2982,SAFE,True,10,0,,,,,,
1771434524.341,0.0,36.71,4.8604,0.835,16.8,1,-25613.452,65.45406,0.01599,0.0000,0.0000,0.0000,0.0000,0.1599,0.1327,0.0425,SAFE,True,10,0,,,,,,
1771434524.341,0.0,37.37,4.8717,0.822,15.9,1,17341.225,81.13357,0.01964,0.0000,1.0000,0.0000,0.0000,0.1964,0.1261,0.2949,SAFE,True,10,0,,,,,,
1771434524.341,0.0,,,,,,,,,,,,,,,0.2949,SAFE,,10,,t37_0,0.58,HIGH,LOCAL,SAFE: all tasks permitted (weight=0.58),
1771434524.341,0.0,,,,,,,,,,,,,,,0.2949,SAFE,,10,,t37_1,0.43,LOW,LOCAL,SAFE: all tasks permitted (weight=0.43),
1771434524.341,0.0,38.03,4.7679,1.044,31.7,3,28460.499,-84.64071,0.02498,0.0000,1.0000,0.3731,1.0000,0.2498,0.2672,0.5769,CRITICAL,True,10,0,,,,,,
1771434524.341,0.0,37.33,4.7755,1.014,29.6,3,3611.838,-67.07384,0.02873,0.0000,1.0000,0.3388,1.0000,0.2873,0.2522,0.5732,CRITICAL,True,10,0,,,,,,
1771434524.341,0.0,37.69,4.7807,0.987,27.6,2,,,0.03091,0.0000,0.0000,0.3150,0.0000,0.3091,0.2235,0.1166,CRITICAL,True,10,0,,,,,,
1771434524.341,0.0,37.70,4.8109,0.962,25.8,2,,,0.03088,0.0000,0.0000,0.1779,0.0000,0.3088,0.2108,0.0962,SAFE,True,10,0,,,,,,
1771434524.341,0.0,38.43,4.8233,0.938,24.2,2,,,0.03068,0.0000,0.0000,0.1214,0.0000,0.3068,0.1991,0.0863,SAFE,True,10,0,,,,,,
1771434524.341,0.0,37.88,4.8122,0.917,22.6,2,,,0.03068,0.0000,0.0000,0.1720,0.0000,0.3068,0.1884,0.0907,SAFE,True,10,0,,,,,,
1771434524.341,0.0,,,,,,,,,,,,,,,0.0907,SAFE,,10,,t43_0,0.49,CRITICAL,LOCAL,SAFE: all tasks permitted (weight=0.49),
1771434524.341,0.0,38.35,4.7658,1.010,29.3,3,,,0.03373,0.0000,0.0000,0.3825,0.0000,0.3373,0.2501,0.1335,CRITICAL,True,10,0,,,,,,window_reset|B=10
1771434524.341,0.0,37.76,4.8050,0.983,27.4,2,,,0.03325,0.0000,0.0000,0.2045,0.0000,0.3325,0.2215,0.1041,SAFE,True,10,0,,,,,,
1771434524.341,0.0,37.92,4.8032,0.958,25.6,2,,,0.03315,0.0000,0.0000,0.2127,0.0000,0.3315,0.2089,0.1026,SAFE,True,10,0,,,,,,
1771434524.341,0.0,37.70,4.8150,0.935,23.9,2,,,0.03205,0.0000,0.0000,0.1589,0.0000,0.3205,0.1974,0.0922,SAFE,True,10,0,,,,,,
1771434524.341,0.0,,,,,,,,,,,,,,,0.0922,SAFE,,10,,t47_0,0.81,NORMAL,LOCAL,SAFE: all tasks permitted (weight=0.81),
1771434524.341,0.0,37.85,4.7768,1.102,35.8,3,,,0.02875,0.0000,0.0000,0.3327,0.0000,0.2875,0.2959,0.1312,CRITICAL,True,10,0,,,,,,
1771434524.341,0.0,,,,,,,,,,,,,,,0.1312,SAFE,,10,,t48_0,0.59,HIGH,LOCAL,SAFE: all tasks permitted (weight=0.59),
1771434524.341,0.0,38.17,4.7251,1.203,43.1,4,,,0.02706,0.0000,0.0000,0.5676,0.0000,0.2706,0.3616,0.1732,CRITICAL,True,10,0,,,,,,
1771434524.341,0.0,38.76,4.7504,1.161,40.0,4,,,0.02856,0.0000,0.0000,0.4528,0.0000,0.2856,0.3403,0.1555,CRITICAL,True,10,0,,,,,,
1771434524.341,0.0,38.27,4.7622,1.121,37.2,4,37114.243,-79.25402,0.02923,0.0000,1.0000,0.3991,1.0000,0.2923,0.3207,0.5953,CRITICAL,True,10,0,,,,,,
1771434524.341,0.0,38.29,4.7968,1.085,34.7,3,-6024.920,49.12293,0.02933,0.0000,0.0000,0.2418,0.0000,0.2933,0.2876,0.1183,CRITICAL,True,10,0,,,,,,
1771434524.341,0.0,,,,,,,,,,,,,,,0.1183,SAFE,,10,,t52_0,0.53,CRITICAL,LOCAL,SAFE: all tasks permitted (weight=0.53),
1771434524.341,0.0,38.64,4.7565,1.175,41.1,4,83251.208,-76.98795,0.02953,0.0000,1.0000,0.4251,1.0000,0.2953,0.3475,0.6043,CRITICAL,True,10,0,,,,,,
1771434524.341,0.0,38.79,4.8043,1.135,38.2,4,82521.341,1.69964,0.02777,0.0000,1.0000,0.2078,0.0000,0.2777,0.3273,0.3702,SAFE,True,10,0,,,,,,
1771434524.341,0.0,38.97,4.7778,1.097,35.5,3,120444.416,-59.11675,0.02614,0.0000,1.0000,0.3283,1.0000,0.2614,0.2937,0.5776,CRITICAL,True,10,0,,,,,,
1771434524.341,0.0,38.84,4.7911,1.063,33.1,3,94060.003,22.73526,0.02608,0.0000,1.0000,0.2676,0.0000,0.2608,0.2766,0.3662,CRITICAL,True,10,0,,,,,,
1771434524.341,0.0,38.52,4.7812,1.032,30.8,3,32771.510,88.90268,0.02501,0.0000,1.0000,0.3129,0.0000,0.2501,0.2609,0.3679,CRITICAL,True,10,0,,,,,,
1771434524.341,0.0,38.89,4.7875,1.003,28.8,2,12563.377,58.91390,0.02407,0.0000,1.0000,0.2840,0.0000,0.2407,0.2314,0.3573,CRITICAL,True,10,0,,,,,,
1771434524.341,0.0,,,,,,,,,,,,,,,0.3573,SAFE,,10,,t58_0,0.32,LOW,LOCAL,SAFE: all tasks permitted (weight=0.32),
1771434524.341,0.0,,,,,,,,,,,,,,,0.3573,SAFE,,10,,t58_1,0.70,CRITICAL,LOCAL,SAFE: all tasks permitted (weight=0.70),
1771434524.341,0.0,38.66,4.7471,1.212,43.7,4,,,0.02240,0.0000,0.0000,0.4677,0.0000,0.2240,0.3659,0.1564,CRITICAL,True,10,0,,,,,,window_reset|B=10
1771434524.341,0.0,,,,,,,,,,,,,,,0.1564,SAFE,,10,,t59_0,0.33,LOW,LOCAL,SAFE: all tasks permitted (weight=0.33),
1771434524.341,0.0,,,,,,,,,,,,,,,0.1564,SAFE,,10,,t59_1,0.67,NORMAL,LOCAL,SAFE: all tasks permitted (weight=0.67),
1771434524.341,0.0,,,,,,,,,,,,,,,0.1564,SAFE,,10,,t59_2,0.36,CRITICAL,LOCAL,SAFE: all tasks permitted (weight=0.36),
1771434524.341,0.0,39.15,4.6172,1.483,63.1,7,,,0.04800,0.0000,0.0000,1.0000,0.0000,0.4800,0.5466,0.2873,CRITICAL,True,10,0,,,,,,FAILURE:BROWNOUT(V=4.617V)
